id,full_name,email,phone
1,Craig Guilleton,cguilleton0@un.org,655-240-2517
2,Marj Scoffins,mscoffins1@wunderground.com,332-995-1401
3,Reggi Karim,rkarim2@blogs.com,559-421-6684
4,Lin Awdry,lawdry3@ihg.com,659-306-0350
5,Manfred Dragonette,mdragonette4@1688.com,220-385-5199
6,Alyss McSporon,amcsporon5@nyu.edu,584-559-4933
7,Shaun Balaisot,sbalaisot6@istockphoto.com,962-421-8388
8,Andonis Mollin,amollin7@webeden.co.uk,383-495-2519
9,Kipp Brobyn,kbrobyn8@berkeley.edu,677-220-9726
10,Veronika Geall,vgeall9@wunderground.com,471-688-2418
11,Lorain Holtham,lholthama@unesco.org,229-972-1319
12,Lancelot Gorbell,lgorbellb@marketwatch.com,539-382-1561
13,Damien Gornall,dgornallc@purevolume.com,327-442-5053
14,Caleb Rookesby,crookesbyd@msu.edu,892-970-7980
15,Glori Balducci,gbalduccie@yahoo.com,864-212-4922
16,Siusan Goodspeed,sgoodspeedf@skyrock.com,585-536-7592
17,Jason Quinby,jquinbyg@cloudflare.com,766-960-1117
18,Sapphira Pemble,spembleh@list-manage.com,302-737-7515
19,Pippa Ackland,packlandi@berkeley.edu,403-844-2487
20,Chancey Grimsditch,cgrimsditchj@hexun.com,422-177-5226
